ID,name,surname,age
1,Bonnie,Baker,43
2,Mark,Blake,61
3,Steven,Baker,47
4,Theresa,Crawford,63
5,David,Porter,68
6,Amber,Murphy,68
7,Alfred,Cooley,40
8,Cory,Horton,40
9,Alex,Murray,49
10,Nathan,Payne,40
11,Jennifer,Wilson,40
12,Paige,Patterson,66
13,Jonathan,Wilson,24
14,Angela,Allison,53
15,Kevin,Aguilar,79
16,Angela,Watson,49
17,Phillip,Watson,59
18,Gabriel,Fisher,43
19,Heather,Hughes,28
20,Taylor,Williams,66
21,Nicholas,Harvey,39
22,Anthony,Brown,49
23,Mark,Lutz,26
24,Jonathan,Carlson,79
25,Janet,Bonilla,73
26,Lori,Stewart,31
27,Stephanie,Barajas,48
28,Grant,Russo,62
29,Emily,Smith,74
30,Jesse,Rosales,43
31,Julie,Tran,41
32,Joshua,Walker,67
33,Christopher,Jones,35
34,Robert,Hudson,51
35,Keith,Graham,36
36,Melissa,Daniels,41
37,Christy,Wilson,51
38,Andres,Yu,43
39,Wendy,Moore,44
40,Misty,Bautista,62
41,Carlos,Brown,52
42,Timothy,Reynolds,54
43,Justin,Baker,66
44,Kevin,Wood,62
45,Mark,Ortiz,61
46,Daniel,King,65
47,Theresa,Hunter,65
48,Michelle,Johnson,42
49,Lori,Williams,45
50,Margaret,Barton,78
